{"palettes":{"index":0,"table":[[{"background":{"tag":"AutomaticColor","args":[]},"foreground":{"tag":"AutomaticColor","args":[]}},[]]]},"formats":[{"order":0,"mOpen":false,"item":{"tag":"ItemFont","args":[{}]}},{"order":1,"mOpen":true,"item":{"tag":"ItemSvg","args":[{"addTitle":false}]}}],"glyphs":[{"extras":{"name":"step8","codePoint":61440},"node":{"tag":"Element","args":[{"tagName":"svg","attributes":{"height":{"tag":"Value","args":[{"tag":"Length","args":[{"tag":"Px","args":[1080]}]}]},"preserveAspectRatio":{"tag":"StringValue","args":["xMidYMid meet"]},"version":{"tag":"StringValue","args":["1.0"]},"viewBox":{"tag":"Value","args":[{"tag":"ViewBox","args":[{"minX":0,"minY":0,"width":1080,"height":1080}]}]},"width":{"tag":"Value","args":[{"tag":"Length","args":[{"tag":"Px","args":[1080]}]}]},"xmlns":{"tag":"StringValue","args":["http://www.w3.org/2000/svg"]}},"children":[{"tag":"Text","args":["\n"]},{"tag":"Element","args":[{"tagName":"metadata","attributes":{},"children":[{"tag":"Text","args":["\nCreated by potrace 1.16, written by Peter Selinger 2001-2019\n"]}]}]},{"tag":"Text","args":["\n"]},{"tag":"Element","args":[{"tagName":"g","attributes":{"fill":{"tag":"Value","args":[{"tag":"Paint","args":[{"tag":"CurrentColor","args":[]}]}]},"transform":{"tag":"Value","args":[{"tag":"Transform","args":[{"a":0.1,"b":0,"c":0,"d":-0.1,"e":0,"f":1080}]}]}},"children":[{"tag":"Text","args":["\n"]},{"tag":"Element","args":[{"tagName":"path","attributes":{"d":{"tag":"Value","args":[{"tag":"Paths","args":[[{"start":[0,5400],"endings":{"tag":"Connected","args":[]},"cmds":[{"tag":"LineTo","args":[{"point":[0,0]}]},{"tag":"LineTo","args":[{"point":[5400,0]}]},{"tag":"LineTo","args":[{"point":[10800,0]}]},{"tag":"LineTo","args":[{"point":[10800,5400]}]},{"tag":"LineTo","args":[{"point":[10800,10800]}]},{"tag":"LineTo","args":[{"point":[5400,10800]}]},{"tag":"LineTo","args":[{"point":[0,10800]}]},{"tag":"LineTo","args":[{"point":[0,5400]}]}]},{"start":[1948,9458],"endings":{"tag":"Connected","args":[]},"cmds":[{"tag":"BezierCurveTo","args":[{"tag":"CParams","args":[{"c1":[1972,9445],"c2":[2206,9220],"end":[2502,8926]}]}]},{"tag":"BezierCurveTo","args":[{"tag":"CParams","args":[{"c1":[3320,8113],"c2":[5076,6372],"end":[5297,6157]}]}]},{"tag":"LineTo","args":[{"point":[5438,6018]}]},{"tag":"LineTo","args":[{"point":[7111,7693]}]},{"tag":"BezierCurveTo","args":[{"tag":"CParams","args":[{"c1":[8032,8614],"c2":[8803,9379],"end":[8824,9394]}]}]},{"tag":"BezierCurveTo","args":[{"tag":"CParams","args":[{"c1":[8869,9424],"c2":[8925,9428],"end":[8974,9405]}]}]},{"tag":"BezierCurveTo","args":[{"tag":"CParams","args":[{"c1":[8992,9396],"c2":[9103,9292],"end":[9222,9172]}]}]},{"tag":"BezierCurveTo","args":[{"tag":"CParams","args":[{"c1":[9461,8932],"c2":[9473,8915],"end":[9450,8828]}]}]},{"tag":"BezierCurveTo","args":[{"tag":"CParams","args":[{"c1":[9440,8789],"c2":[9272,8618],"end":[7747,7092]}]}]},{"tag":"LineTo","args":[{"point":[6055,5400]}]},{"tag":"LineTo","args":[{"point":[6100,5359]}]},{"tag":"BezierCurveTo","args":[{"tag":"CParams","args":[{"c1":[6125,5336],"c2":[6397,5067],"end":[6705,4761]}]}]},{"tag":"BezierCurveTo","args":[{"tag":"CParams","args":[{"c1":[7013,4456],"c2":[7492,3980],"end":[7770,3705]}]}]},{"tag":"BezierCurveTo","args":[{"tag":"CParams","args":[{"c1":[9112,2375],"c2":[9434,2053],"end":[9451,2025]}]}]},{"tag":"BezierCurveTo","args":[{"tag":"CParams","args":[{"c1":[9480,1979],"c2":[9476,1913],"end":[9441,1859]}]}]},{"tag":"BezierCurveTo","args":[{"tag":"CParams","args":[{"c1":[9402,1800],"c2":[9022,1424],"end":[8987,1411]}]}]},{"tag":"BezierCurveTo","args":[{"tag":"CParams","args":[{"c1":[8942,1394],"c2":[8888,1398],"end":[8848,1423]}]}]},{"tag":"BezierCurveTo","args":[{"tag":"CParams","args":[{"c1":[8828,1435],"c2":[8605,1650],"end":[8353,1900]}]}]},{"tag":"BezierCurveTo","args":[{"tag":"CParams","args":[{"c1":[8101,2150],"c2":[7672,2575],"end":[7400,2845]}]}]},{"tag":"BezierCurveTo","args":[{"tag":"CParams","args":[{"c1":[7128,3114],"c2":[6646,3592],"end":[6330,3905]}]}]},{"tag":"BezierCurveTo","args":[{"tag":"CParams","args":[{"c1":[6014,4219],"c2":[5684,4545],"end":[5597,4630]}]}]},{"tag":"LineTo","args":[{"point":[5440,4785]}]},{"tag":"LineTo","args":[{"point":[3717,3063]}]},{"tag":"BezierCurveTo","args":[{"tag":"CParams","args":[{"c1":[2770,2117],"c2":[1981,1335],"end":[1963,1326]}]}]},{"tag":"BezierCurveTo","args":[{"tag":"CParams","args":[{"c1":[1923,1306],"c2":[1858,1305],"end":[1822,1324]}]}]},{"tag":"BezierCurveTo","args":[{"tag":"CParams","args":[{"c1":[1807,1332],"c2":[1698,1437],"end":[1578,1557]}]}]},{"tag":"BezierCurveTo","args":[{"tag":"CParams","args":[{"c1":[1394,1742],"c2":[1360,1781],"end":[1350,1818]}]}]},{"tag":"BezierCurveTo","args":[{"tag":"CParams","args":[{"c1":[1325,1914],"c2":[1196,1776],"end":[3090,3670]}]}]},{"tag":"LineTo","args":[{"point":[4820,5398]}]},{"tag":"LineTo","args":[{"point":[4307,5907]}]},{"tag":"BezierCurveTo","args":[{"tag":"CParams","args":[{"c1":[3795,6416],"c2":[3323,6884],"end":[2170,8025]}]}]},{"tag":"BezierCurveTo","args":[{"tag":"CParams","args":[{"c1":[1832,8360],"c2":[1509,8680],"end":[1453,8736]}]}]},{"tag":"BezierCurveTo","args":[{"tag":"CParams","args":[{"c1":[1397,8791],"c2":[1346,8849],"end":[1340,8864]}]}]},{"tag":"BezierCurveTo","args":[{"tag":"CParams","args":[{"c1":[1324,8907],"c2":[1328,8972],"end":[1350,9007]}]}]},{"tag":"BezierCurveTo","args":[{"tag":"CParams","args":[{"c1":[1385,9065],"c2":[1762,9442],"end":[1805,9461]}]}]},{"tag":"BezierCurveTo","args":[{"tag":"CParams","args":[{"c1":[1858,9486],"c2":[1898,9485],"end":[1948,9458]}]}]}]}]]}]}},"children":[]}]},{"tag":"Text","args":["\n"]}]}]},{"tag":"Text","args":["\n"]}]}]},"palettes":{"index":0,"table":[[{"background":{"tag":"AutomaticColor","args":[]},"foreground":{"tag":"AutomaticColor","args":[]}},[]]]}},{"extras":{"name":"step7","codePoint":61441},"node":{"tag":"Element","args":[{"tagName":"svg","attributes":{"height":{"tag":"Value","args":[{"tag":"Length","args":[{"tag":"Px","args":[1080]}]}]},"preserveAspectRatio":{"tag":"StringValue","args":["xMidYMid meet"]},"version":{"tag":"StringValue","args":["1.0"]},"viewBox":{"tag":"Value","args":[{"tag":"ViewBox","args":[{"minX":0,"minY":0,"width":1080,"height":1080}]}]},"width":{"tag":"Value","args":[{"tag":"Length","args":[{"tag":"Px","args":[1080]}]}]},"xmlns":{"tag":"StringValue","args":["http://www.w3.org/2000/svg"]}},"children":[{"tag":"Text","args":["\n"]},{"tag":"Element","args":[{"tagName":"metadata","attributes":{},"children":[{"tag":"Text","args":["\nCreated by potrace 1.16, written by Peter Selinger 2001-2019\n"]}]}]},{"tag":"Text","args":["\n"]},{"tag":"Element","args":[{"tagName":"g","attributes":{"fill":{"tag":"Value","args":[{"tag":"Paint","args":[{"tag":"CurrentColor","args":[]}]}]},"transform":{"tag":"Value","args":[{"tag":"Transform","args":[{"a":0.1,"b":0,"c":0,"d":-0.1,"e":0,"f":1080}]}]}},"children":[{"tag":"Text","args":["\n"]},{"tag":"Element","args":[{"tagName":"path","attributes":{"d":{"tag":"Value","args":[{"tag":"Paths","args":[[{"start":[0,5400],"endings":{"tag":"Connected","args":[]},"cmds":[{"tag":"LineTo","args":[{"point":[0,0]}]},{"tag":"LineTo","args":[{"point":[5400,0]}]},{"tag":"LineTo","args":[{"point":[10800,0]}]},{"tag":"LineTo","args":[{"point":[10800,5400]}]},{"tag":"LineTo","args":[{"point":[10800,10800]}]},{"tag":"LineTo","args":[{"point":[5400,10800]}]},{"tag":"LineTo","args":[{"point":[0,10800]}]},{"tag":"LineTo","args":[{"point":[0,5400]}]}]},{"start":[1868,9458],"endings":{"tag":"Connected","args":[]},"cmds":[{"tag":"BezierCurveTo","args":[{"tag":"CParams","args":[{"c1":[1890,9445],"c2":[2187,9170],"end":[2527,8846]}]}]},{"tag":"BezierCurveTo","args":[{"tag":"CParams","args":[{"c1":[3368,8044],"c2":[3509,7910],"end":[3620,7805]}]}]},{"tag":"BezierCurveTo","args":[{"tag":"CParams","args":[{"c1":[3672,7756],"c2":[3767,7666],"end":[3830,7605]}]}]},{"tag":"BezierCurveTo","args":[{"tag":"CParams","args":[{"c1":[3893,7544],"c2":[3992,7450],"end":[4050,7395]}]}]},{"tag":"BezierCurveTo","args":[{"tag":"CParams","args":[{"c1":[4320,7138],"c2":[4391,7070],"end":[4475,6990]}]}]},{"tag":"BezierCurveTo","args":[{"tag":"CParams","args":[{"c1":[4525,6943],"c2":[4702,6774],"end":[4870,6615]}]}]},{"tag":"BezierCurveTo","args":[{"tag":"CParams","args":[{"c1":[5038,6456],"c2":[5220,6283],"end":[5275,6230]}]}]},{"tag":"BezierCurveTo","args":[{"tag":"CParams","args":[{"c1":[5330,6177],"c2":[5403,6107],"end":[5438,6075]}]}]},{"tag":"LineTo","args":[{"point":[5501,6016]}]},{"tag":"LineTo","args":[{"point":[7158,7672]}]},{"tag":"BezierCurveTo","args":[{"tag":"CParams","args":[{"c1":[8069,8583],"c2":[8826,9333],"end":[8839,9340]}]}]},{"tag":"BezierCurveTo","args":[{"tag":"CParams","args":[{"c1":[8877,9359],"c2":[8954,9355],"end":[8992,9332]}]}]},{"tag":"BezierCurveTo","args":[{"tag":"CParams","args":[{"c1":[9010,9321],"c2":[9118,9218],"end":[9231,9103]}]}]},{"tag":"BezierCurveTo","args":[{"tag":"CParams","args":[{"c1":[9406,8927],"c2":[9440,8888],"end":[9449,8852]}]}]},{"tag":"BezierCurveTo","args":[{"tag":"CParams","args":[{"c1":[9476,8754],"c2":[9610,8898],"end":[7789,7075]}]}]},{"tag":"LineTo","args":[{"point":[6131,5415]}]},{"tag":"LineTo","args":[{"point":[6283,5271]}]},{"tag":"BezierCurveTo","args":[{"tag":"CParams","args":[{"c1":[6367,5192],"c2":[6476,5088],"end":[6525,5040]}]}]},{"tag":"BezierCurveTo","args":[{"tag":"CParams","args":[{"c1":[6575,4993],"c2":[6710,4864],"end":[6825,4755]}]}]},{"tag":"BezierCurveTo","args":[{"tag":"CParams","args":[{"c1":[6941,4646],"c2":[7078,4515],"end":[7130,4465]}]}]},{"tag":"BezierCurveTo","args":[{"tag":"CParams","args":[{"c1":[7182,4415],"c2":[7272,4329],"end":[7330,4275]}]}]},{"tag":"BezierCurveTo","args":[{"tag":"CParams","args":[{"c1":[7388,4220],"c2":[7480,4132],"end":[7535,4079]}]}]},{"tag":"BezierCurveTo","args":[{"tag":"CParams","args":[{"c1":[7590,4027],"c2":[7736,3887],"end":[7860,3770]}]}]},{"tag":"BezierCurveTo","args":[{"tag":"CParams","args":[{"c1":[7984,3652],"c2":[8168,3477],"end":[8270,3380]}]}]},{"tag":"BezierCurveTo","args":[{"tag":"CParams","args":[{"c1":[8372,3283],"c2":[8601,3065],"end":[8780,2895]}]}]},{"tag":"BezierCurveTo","args":[{"tag":"CParams","args":[{"c1":[9361,2342],"c2":[9512,2196],"end":[9526,2168]}]}]},{"tag":"BezierCurveTo","args":[{"tag":"CParams","args":[{"c1":[9547,2127],"c2":[9543,2061],"end":[9517,2018]}]}]},{"tag":"BezierCurveTo","args":[{"tag":"CParams","args":[{"c1":[9505,1998],"c2":[9450,1935],"end":[9396,1878]}]}]},{"tag":"BezierCurveTo","args":[{"tag":"CParams","args":[{"c1":[9078,1547],"c2":[9069,1540],"end":[9001,1540]}]}]},{"tag":"BezierCurveTo","args":[{"tag":"CParams","args":[{"c1":[8937,1540],"c2":[8930,1546],"end":[8640,1824]}]}]},{"tag":"BezierCurveTo","args":[{"tag":"CParams","args":[{"c1":[8577,1885],"c2":[8442,2014],"end":[8340,2110]}]}]},{"tag":"BezierCurveTo","args":[{"tag":"CParams","args":[{"c1":[8238,2206],"c2":[8103,2335],"end":[8040,2396]}]}]},{"tag":"BezierCurveTo","args":[{"tag":"CParams","args":[{"c1":[7977,2456],"c2":[7837,2589],"end":[7730,2691]}]}]},{"tag":"BezierCurveTo","args":[{"tag":"CParams","args":[{"c1":[7523,2887],"c2":[7008,3377],"end":[6700,3671]}]}]},{"tag":"BezierCurveTo","args":[{"tag":"CParams","args":[{"c1":[6598,3768],"c2":[6501,3860],"end":[6484,3876]}]}]},{"tag":"BezierCurveTo","args":[{"tag":"CParams","args":[{"c1":[6466,3892],"c2":[6244,4103],"end":[5991,4345]}]}]},{"tag":"BezierCurveTo","args":[{"tag":"CParams","args":[{"c1":[5737,4587],"c2":[5524,4787],"end":[5518,4789]}]}]},{"tag":"BezierCurveTo","args":[{"tag":"CParams","args":[{"c1":[5512,4791],"c2":[4715,4000],"end":[3746,3032]}]}]},{"tag":"BezierCurveTo","args":[{"tag":"CParams","args":[{"c1":[2778,2064],"c2":[1974,1267],"end":[1961,1260]}]}]},{"tag":"BezierCurveTo","args":[{"tag":"CParams","args":[{"c1":[1927,1243],"c2":[1860,1244],"end":[1819,1264]}]}]},{"tag":"BezierCurveTo","args":[{"tag":"CParams","args":[{"c1":[1799,1273],"c2":[1688,1376],"end":[1573,1493]}]}]},{"tag":"BezierCurveTo","args":[{"tag":"CParams","args":[{"c1":[1390,1677],"c2":[1360,1711],"end":[1350,1750]}]}]},{"tag":"BezierCurveTo","args":[{"tag":"CParams","args":[{"c1":[1324,1846],"c2":[1195,1708],"end":[3123,3637]}]}]},{"tag":"BezierCurveTo","args":[{"tag":"CParams","args":[{"c1":[4653,5168],"c2":[4883,5401],"end":[4870,5414]}]}]},{"tag":"BezierCurveTo","args":[{"tag":"CParams","args":[{"c1":[4838,5443],"c2":[3164,7034],"end":[2980,7209]}]}]},{"tag":"BezierCurveTo","args":[{"tag":"CParams","args":[{"c1":[2873,7311],"c2":[2736,7442],"end":[2675,7499]}]}]},{"tag":"BezierCurveTo","args":[{"tag":"CParams","args":[{"c1":[2615,7557],"c2":[2520,7647],"end":[2465,7700]}]}]},{"tag":"BezierCurveTo","args":[{"tag":"CParams","args":[{"c1":[2410,7753],"c2":[2230,7924],"end":[2065,8080]}]}]},{"tag":"BezierCurveTo","args":[{"tag":"CParams","args":[{"c1":[1900,8236],"c2":[1716,8412],"end":[1655,8470]}]}]},{"tag":"BezierCurveTo","args":[{"tag":"CParams","args":[{"c1":[1595,8529],"c2":[1493,8625],"end":[1430,8685]}]}]},{"tag":"BezierCurveTo","args":[{"tag":"CParams","args":[{"c1":[1288,8819],"c2":[1260,8858],"end":[1260,8917]}]}]},{"tag":"BezierCurveTo","args":[{"tag":"CParams","args":[{"c1":[1260,8989],"c2":[1260,8989],"end":[1514,9254]}]}]},{"tag":"BezierCurveTo","args":[{"tag":"CParams","args":[{"c1":[1737,9487],"c2":[1775,9509],"end":[1868,9458]}]}]}]}]]}]}},"children":[]}]},{"tag":"Text","args":["\n"]}]}]},{"tag":"Text","args":["\n"]}]}]},"palettes":{"index":0,"table":[[{"background":{"tag":"AutomaticColor","args":[]},"foreground":{"tag":"AutomaticColor","args":[]}},[]]]}},{"extras":{"name":"step6","codePoint":61442},"node":{"tag":"Element","args":[{"tagName":"svg","attributes":{"height":{"tag":"Value","args":[{"tag":"Length","args":[{"tag":"Px","args":[1080]}]}]},"preserveAspectRatio":{"tag":"StringValue","args":["xMidYMid meet"]},"version":{"tag":"StringValue","args":["1.0"]},"viewBox":{"tag":"Value","args":[{"tag":"ViewBox","args":[{"minX":0,"minY":0,"width":1080,"height":1080}]}]},"width":{"tag":"Value","args":[{"tag":"Length","args":[{"tag":"Px","args":[1080]}]}]},"xmlns":{"tag":"StringValue","args":["http://www.w3.org/2000/svg"]}},"children":[{"tag":"Text","args":["\n"]},{"tag":"Element","args":[{"tagName":"metadata","attributes":{},"children":[{"tag":"Text","args":["\nCreated by potrace 1.16, written by Peter Selinger 2001-2019\n"]}]}]},{"tag":"Text","args":["\n"]},{"tag":"Element","args":[{"tagName":"g","attributes":{"fill":{"tag":"Value","args":[{"tag":"Paint","args":[{"tag":"CurrentColor","args":[]}]}]},"transform":{"tag":"Value","args":[{"tag":"Transform","args":[{"a":0.1,"b":0,"c":0,"d":-0.1,"e":0,"f":1080}]}]}},"children":[{"tag":"Text","args":["\n"]},{"tag":"Element","args":[{"tagName":"path","attributes":{"d":{"tag":"Value","args":[{"tag":"Paths","args":[[{"start":[0,5400],"endings":{"tag":"Connected","args":[]},"cmds":[{"tag":"LineTo","args":[{"point":[0,0]}]},{"tag":"LineTo","args":[{"point":[5400,0]}]},{"tag":"LineTo","args":[{"point":[10800,0]}]},{"tag":"LineTo","args":[{"point":[10800,5400]}]},{"tag":"LineTo","args":[{"point":[10800,10800]}]},{"tag":"LineTo","args":[{"point":[5400,10800]}]},{"tag":"LineTo","args":[{"point":[0,10800]}]},{"tag":"LineTo","args":[{"point":[0,5400]}]}]},{"start":[1732,9416],"endings":{"tag":"Connected","args":[]},"cmds":[{"tag":"BezierCurveTo","args":[{"tag":"CParams","args":[{"c1":[1761,9396],"c2":[1881,9293],"end":[2260,8960]}]}]},{"tag":"BezierCurveTo","args":[{"tag":"CParams","args":[{"c1":[2296,8928],"c2":[2420,8820],"end":[2535,8719]}]}]},{"tag":"BezierCurveTo","args":[{"tag":"CParams","args":[{"c1":[2651,8617],"c2":[2932,8370],"end":[3160,8170]}]}]},{"tag":"BezierCurveTo","args":[{"tag":"CParams","args":[{"c1":[3704,7692],"c2":[4075,7367],"end":[4427,7058]}]}]},{"tag":"BezierCurveTo","args":[{"tag":"CParams","args":[{"c1":[4586,6919],"c2":[4769,6758],"end":[4835,6700]}]}]},{"tag":"BezierCurveTo","args":[{"tag":"CParams","args":[{"c1":[5259,6325],"c2":[5610,6020],"end":[5616,6020]}]}]},{"tag":"BezierCurveTo","args":[{"tag":"CParams","args":[{"c1":[5627,6020],"c2":[5692,6082],"end":[5995,6375]}]}]},{"tag":"BezierCurveTo","args":[{"tag":"CParams","args":[{"c1":[6149,6524],"c2":[6536,6897],"end":[6855,7205]}]}]},{"tag":"BezierCurveTo","args":[{"tag":"CParams","args":[{"c1":[7174,7512],"c2":[7507,7834],"end":[7595,7920]}]}]},{"tag":"BezierCurveTo","args":[{"tag":"CParams","args":[{"c1":[8136,8448],"c2":[8867,9148],"end":[8898,9167]}]}]},{"tag":"BezierCurveTo","args":[{"tag":"CParams","args":[{"c1":[8950,9199],"c2":[9005,9197],"end":[9061,9161]}]}]},{"tag":"BezierCurveTo","args":[{"tag":"CParams","args":[{"c1":[9086,9146],"c2":[9116,9121],"end":[9127,9107]}]}]},{"tag":"BezierCurveTo","args":[{"tag":"CParams","args":[{"c1":[9138,9093],"c2":[9223,9003],"end":[9315,8908]}]}]},{"tag":"BezierCurveTo","args":[{"tag":"CParams","args":[{"c1":[9496,8721],"c2":[9526,8677],"end":[9515,8611]}]}]},{"tag":"BezierCurveTo","args":[{"tag":"CParams","args":[{"c1":[9506,8557],"c2":[9492,8541],"end":[9305,8360]}]}]},{"tag":"BezierCurveTo","args":[{"tag":"CParams","args":[{"c1":[9212,8270],"c2":[9070,8133],"end":[8990,8055]}]}]},{"tag":"BezierCurveTo","args":[{"tag":"CParams","args":[{"c1":[8910,7977],"c2":[8710,7784],"end":[8545,7625]}]}]},{"tag":"BezierCurveTo","args":[{"tag":"CParams","args":[{"c1":[8237,7328],"c2":[8106,7202],"end":[7820,6924]}]}]},{"tag":"BezierCurveTo","args":[{"tag":"CParams","args":[{"c1":[7729,6836],"c2":[7396,6515],"end":[7080,6210]}]}]},{"tag":"BezierCurveTo","args":[{"tag":"CParams","args":[{"c1":[6764,5905],"c2":[6454,5606],"end":[6391,5545]}]}]},{"tag":"LineTo","args":[{"point":[6278,5434]}]},{"tag":"LineTo","args":[{"point":[6351,5368]}]},{"tag":"BezierCurveTo","args":[{"tag":"CParams","args":[{"c1":[6392,5333],"c2":[6684,5076],"end":[7000,4799]}]}]},{"tag":"BezierCurveTo","args":[{"tag":"CParams","args":[{"c1":[7964,3953],"c2":[8234,3717],"end":[8265,3689]}]}]},{"tag":"BezierCurveTo","args":[{"tag":"CParams","args":[{"c1":[8282,3674],"c2":[8414,3558],"end":[8560,3430]}]}]},{"tag":"BezierCurveTo","args":[{"tag":"CParams","args":[{"c1":[8893,3138],"c2":[8951,3087],"end":[9020,3025]}]}]},{"tag":"BezierCurveTo","args":[{"tag":"CParams","args":[{"c1":[9051,2998],"c2":[9092,2961],"end":[9111,2945]}]}]},{"tag":"BezierCurveTo","args":[{"tag":"CParams","args":[{"c1":[9130,2928],"c2":[9234,2836],"end":[9344,2740]}]}]},{"tag":"BezierCurveTo","args":[{"tag":"CParams","args":[{"c1":[9453,2644],"c2":[9562,2549],"end":[9586,2530]}]}]},{"tag":"BezierCurveTo","args":[{"tag":"CParams","args":[{"c1":[9643,2484],"c2":[9684,2405],"end":[9675,2357]}]}]},{"tag":"BezierCurveTo","args":[{"tag":"CParams","args":[{"c1":[9671,2338],"c2":[9660,2309],"end":[9650,2294]}]}]},{"tag":"BezierCurveTo","args":[{"tag":"CParams","args":[{"c1":[9624,2251],"c2":[9261,1841],"end":[9234,1823]}]}]},{"tag":"BezierCurveTo","args":[{"tag":"CParams","args":[{"c1":[9199,1800],"c2":[9139,1796],"end":[9098,1813]}]}]},{"tag":"BezierCurveTo","args":[{"tag":"CParams","args":[{"c1":[9069,1825],"c2":[8854,2008],"end":[8537,2289]}]}]},{"tag":"BezierCurveTo","args":[{"tag":"CParams","args":[{"c1":[8519,2304],"c2":[8465,2353],"end":[8415,2396]}]}]},{"tag":"BezierCurveTo","args":[{"tag":"CParams","args":[{"c1":[8366,2439],"c2":[8320,2479],"end":[8314,2485]}]}]},{"tag":"BezierCurveTo","args":[{"tag":"CParams","args":[{"c1":[8308,2490],"c2":[8275,2520],"end":[8240,2550]}]}]},{"tag":"BezierCurveTo","args":[{"tag":"CParams","args":[{"c1":[8205,2580],"c2":[8156,2623],"end":[8131,2646]}]}]},{"tag":"BezierCurveTo","args":[{"tag":"CParams","args":[{"c1":[8106,2668],"c2":[8042,2724],"end":[7990,2770]}]}]},{"tag":"BezierCurveTo","args":[{"tag":"CParams","args":[{"c1":[7938,2815],"c2":[7866,2878],"end":[7830,2910]}]}]},{"tag":"BezierCurveTo","args":[{"tag":"CParams","args":[{"c1":[7794,2941],"c2":[7668,3052],"end":[7550,3156]}]}]},{"tag":"BezierCurveTo","args":[{"tag":"CParams","args":[{"c1":[7431,3260],"c2":[7153,3505],"end":[6930,3700]}]}]},{"tag":"BezierCurveTo","args":[{"tag":"CParams","args":[{"c1":[5911,4596],"c2":[5654,4820],"end":[5646,4820]}]}]},{"tag":"BezierCurveTo","args":[{"tag":"CParams","args":[{"c1":[5642,4820],"c2":[5570,4754],"end":[5486,4672]}]}]},{"tag":"BezierCurveTo","args":[{"tag":"CParams","args":[{"c1":[5403,4591],"c2":[5274,4466],"end":[5200,4395]}]}]},{"tag":"BezierCurveTo","args":[{"tag":"CParams","args":[{"c1":[5126,4323],"c2":[4991,4192],"end":[4900,4105]}]}]},{"tag":"BezierCurveTo","args":[{"tag":"CParams","args":[{"c1":[4809,4017],"c2":[4674,3887],"end":[4600,3815]}]}]},{"tag":"BezierCurveTo","args":[{"tag":"CParams","args":[{"c1":[4526,3744],"c2":[4404,3626],"end":[4330,3555]}]}]},{"tag":"BezierCurveTo","args":[{"tag":"CParams","args":[{"c1":[4256,3483],"c2":[4128,3359],"end":[4045,3280]}]}]},{"tag":"BezierCurveTo","args":[{"tag":"CParams","args":[{"c1":[3963,3200],"c2":[3828,3070],"end":[3745,2990]}]}]},{"tag":"BezierCurveTo","args":[{"tag":"CParams","args":[{"c1":[3428,2683],"c2":[3294,2553],"end":[3269,2530]}]}]},{"tag":"BezierCurveTo","args":[{"tag":"CParams","args":[{"c1":[3254,2516],"c2":[2947,2219],"end":[2585,1870]}]}]},{"tag":"BezierCurveTo","args":[{"tag":"CParams","args":[{"c1":[2224,1521],"c2":[1915,1227],"end":[1897,1218]}]}]},{"tag":"BezierCurveTo","args":[{"tag":"CParams","args":[{"c1":[1856,1195],"c2":[1798,1195],"end":[1752,1219]}]}]},{"tag":"BezierCurveTo","args":[{"tag":"CParams","args":[{"c1":[1732,1229],"c2":[1686,1269],"end":[1651,1306]}]}]},{"tag":"BezierCurveTo","args":[{"tag":"CParams","args":[{"c1":[1616,1344],"c2":[1523,1441],"end":[1444,1521]}]}]},{"tag":"BezierCurveTo","args":[{"tag":"CParams","args":[{"c1":[1283,1686],"c2":[1267,1714],"end":[1291,1797]}]}]},{"tag":"BezierCurveTo","args":[{"tag":"CParams","args":[{"c1":[1302,1837],"c2":[1370,1906],"end":[2039,2552]}]}]},{"tag":"BezierCurveTo","args":[{"tag":"CParams","args":[{"c1":[2444,2944],"c2":[2836,3323],"end":[2910,3395]}]}]},{"tag":"BezierCurveTo","args":[{"tag":"CParams","args":[{"c1":[2984,3467],"c2":[3182,3659],"end":[3350,3820]}]}]},{"tag":"BezierCurveTo","args":[{"tag":"CParams","args":[{"c1":[3518,3982],"c2":[3718,4175],"end":[3795,4249]}]}]},{"tag":"BezierCurveTo","args":[{"tag":"CParams","args":[{"c1":[3872,4324],"c2":[4063,4509],"end":[4220,4660]}]}]},{"tag":"BezierCurveTo","args":[{"tag":"CParams","args":[{"c1":[4377,4811],"c2":[4573,5000],"end":[4655,5080]}]}]},{"tag":"BezierCurveTo","args":[{"tag":"CParams","args":[{"c1":[4738,5160],"c2":[4847,5266],"end":[4898,5315]}]}]},{"tag":"LineTo","args":[{"point":[4991,5405]}]},{"tag":"LineTo","args":[{"point":[4898,5486]}]},{"tag":"BezierCurveTo","args":[{"tag":"CParams","args":[{"c1":[4808,5563],"c2":[4634,5716],"end":[3565,6654]}]}]},{"tag":"BezierCurveTo","args":[{"tag":"CParams","args":[{"c1":[2972,7175],"c2":[2662,7446],"end":[2345,7725]}]}]},{"tag":"BezierCurveTo","args":[{"tag":"CParams","args":[{"c1":[2213,7841],"c2":[1954,8068],"end":[1770,8230]}]}]},{"tag":"BezierCurveTo","args":[{"tag":"CParams","args":[{"c1":[1586,8391],"c2":[1371,8580],"end":[1293,8648]}]}]},{"tag":"BezierCurveTo","args":[{"tag":"CParams","args":[{"c1":[1209,8722],"c2":[1146,8785],"end":[1138,8804]}]}]},{"tag":"BezierCurveTo","args":[{"tag":"CParams","args":[{"c1":[1111,8868],"c2":[1128,8942],"end":[1182,9000]}]}]},{"tag":"BezierCurveTo","args":[{"tag":"CParams","args":[{"c1":[1195,9014],"c2":[1281,9112],"end":[1375,9218]}]}]},{"tag":"BezierCurveTo","args":[{"tag":"CParams","args":[{"c1":[1468,9325],"c2":[1555,9418],"end":[1569,9425]}]}]},{"tag":"BezierCurveTo","args":[{"tag":"CParams","args":[{"c1":[1611,9448],"c2":[1692,9444],"end":[1732,9416]}]}]}]}]]}]}},"children":[]}]},{"tag":"Text","args":["\n"]}]}]},{"tag":"Text","args":["\n"]}]}]},"palettes":{"index":0,"table":[[{"background":{"tag":"AutomaticColor","args":[]},"foreground":{"tag":"AutomaticColor","args":[]}},[]]]}},{"extras":{"name":"step5","codePoint":61443},"node":{"tag":"Element","args":[{"tagName":"svg","attributes":{"height":{"tag":"Value","args":[{"tag":"Length","args":[{"tag":"Px","args":[1080]}]}]},"preserveAspectRatio":{"tag":"StringValue","args":["xMidYMid meet"]},"version":{"tag":"StringValue","args":["1.0"]},"viewBox":{"tag":"Value","args":[{"tag":"ViewBox","args":[{"minX":0,"minY":0,"width":1080,"height":1080}]}]},"width":{"tag":"Value","args":[{"tag":"Length","args":[{"tag":"Px","args":[1080]}]}]},"xmlns":{"tag":"StringValue","args":["http://www.w3.org/2000/svg"]}},"children":[{"tag":"Text","args":["\n"]},{"tag":"Element","args":[{"tagName":"metadata","attributes":{},"children":[{"tag":"Text","args":["\nCreated by potrace 1.16, written by Peter Selinger 2001-2019\n"]}]}]},{"tag":"Text","args":["\n"]},{"tag":"Element","args":[{"tagName":"g","attributes":{"fill":{"tag":"Value","args":[{"tag":"Paint","args":[{"tag":"CurrentColor","args":[]}]}]},"transform":{"tag":"Value","args":[{"tag":"Transform","args":[{"a":0.1,"b":0,"c":0,"d":-0.1,"e":0,"f":1080}]}]}},"children":[{"tag":"Text","args":["\n"]},{"tag":"Element","args":[{"tagName":"path","attributes":{"d":{"tag":"Value","args":[{"tag":"Paths","args":[[{"start":[0,5400],"endings":{"tag":"Connected","args":[]},"cmds":[{"tag":"LineTo","args":[{"point":[0,0]}]},{"tag":"LineTo","args":[{"point":[5400,0]}]},{"tag":"LineTo","args":[{"point":[10800,0]}]},{"tag":"LineTo","args":[{"point":[10800,5400]}]},{"tag":"LineTo","args":[{"point":[10800,10800]}]},{"tag":"LineTo","args":[{"point":[5400,10800]}]},{"tag":"LineTo","args":[{"point":[0,10800]}]},{"tag":"LineTo","args":[{"point":[0,5400]}]}]},{"start":[1524,9313],"endings":{"tag":"Connected","args":[]},"cmds":[{"tag":"BezierCurveTo","args":[{"tag":"CParams","args":[{"c1":[1554,9292],"c2":[1651,9219],"end":[1740,9150]}]}]},{"tag":"BezierCurveTo","args":[{"tag":"CParams","args":[{"c1":[1829,9081],"c2":[2092,8880],"end":[2324,8703]}]}]},{"tag":"BezierCurveTo","args":[{"tag":"CParams","args":[{"c1":[2555,8525],"c2":[2804,8335],"end":[2875,8280]}]}]},{"tag":"BezierCurveTo","args":[{"tag":"CParams","args":[{"c1":[2947,8225],"c2":[3307,7949],"end":[3675,7668]}]}]},{"tag":"BezierCurveTo","args":[{"tag":"CParams","args":[{"c1":[4719,6870],"c2":[5110,6570],"end":[5175,6520]}]}]},{"tag":"BezierCurveTo","args":[{"tag":"CParams","args":[{"c1":[5208,6495],"c2":[5282,6438],"end":[5340,6394]}]}]},{"tag":"BezierCurveTo","args":[{"tag":"CParams","args":[{"c1":[5398,6349],"c2":[5535,6245],"end":[5644,6161]}]}]},{"tag":"BezierCurveTo","args":[{"tag":"CParams","args":[{"c1":[5754,6078],"c2":[5849,6011],"end":[5856,6014]}]}]},{"tag":"BezierCurveTo","args":[{"tag":"CParams","args":[{"c1":[5869,6019],"c2":[5959,6097],"end":[7175,7160]}]}]},{"tag":"BezierCurveTo","args":[{"tag":"CParams","args":[{"c1":[7544,7482],"c2":[8003,7883],"end":[8195,8051]}]}]},{"tag":"BezierCurveTo","args":[{"tag":"CParams","args":[{"c1":[8388,8219],"c2":[8660,8457],"end":[8800,8580]}]}]},{"tag":"BezierCurveTo","args":[{"tag":"CParams","args":[{"c1":[8940,8702],"c2":[9069,8811],"end":[9085,8821]}]}]},{"tag":"BezierCurveTo","args":[{"tag":"CParams","args":[{"c1":[9123,8845],"c2":[9195,8846],"end":[9237,8823]}]}]},{"tag":"BezierCurveTo","args":[{"tag":"CParams","args":[{"c1":[9272,8803],"c2":[9656,8369],"end":[9671,8332]}]}]},{"tag":"BezierCurveTo","args":[{"tag":"CParams","args":[{"c1":[9684,8300],"c2":[9682,8226],"end":[9669,8196]}]}]},{"tag":"BezierCurveTo","args":[{"tag":"CParams","args":[{"c1":[9659,8176],"c2":[9181,7748],"end":[8816,7434]}]}]},{"tag":"BezierCurveTo","args":[{"tag":"CParams","args":[{"c1":[8777,7401],"c2":[8399,7071],"end":[7975,6700]}]}]},{"tag":"BezierCurveTo","args":[{"tag":"CParams","args":[{"c1":[7552,6330],"c2":[7068,5908],"end":[6900,5762]}]}]},{"tag":"BezierCurveTo","args":[{"tag":"CParams","args":[{"c1":[6732,5616],"c2":[6587,5489],"end":[6576,5480]}]}]},{"tag":"BezierCurveTo","args":[{"tag":"CParams","args":[{"c1":[6556,5461],"c2":[6559,5459],"end":[7005,5118]}]}]},{"tag":"BezierCurveTo","args":[{"tag":"CParams","args":[{"c1":[7245,4935],"c2":[7746,4552],"end":[8200,4204]}]}]},{"tag":"BezierCurveTo","args":[{"tag":"CParams","args":[{"c1":[8621,3881],"c2":[8756,3778],"end":[8975,3610]}]}]},{"tag":"BezierCurveTo","args":[{"tag":"CParams","args":[{"c1":[9745,3021],"c2":[9846,2942],"end":[9863,2912]}]}]},{"tag":"BezierCurveTo","args":[{"tag":"CParams","args":[{"c1":[9891,2864],"c2":[9889,2801],"end":[9857,2748]}]}]},{"tag":"BezierCurveTo","args":[{"tag":"CParams","args":[{"c1":[9807,2666],"c2":[9505,2286],"end":[9471,2263]}]}]},{"tag":"BezierCurveTo","args":[{"tag":"CParams","args":[{"c1":[9432,2237],"c2":[9360,2232],"end":[9320,2253]}]}]},{"tag":"BezierCurveTo","args":[{"tag":"CParams","args":[{"c1":[9297,2265],"c2":[9242,2307],"end":[8934,2545]}]}]},{"tag":"BezierCurveTo","args":[{"tag":"CParams","args":[{"c1":[8857,2604],"c2":[7811,3404],"end":[7377,3736]}]}]},{"tag":"BezierCurveTo","args":[{"tag":"CParams","args":[{"c1":[7304,3791],"c2":[7115,3936],"end":[6955,4058]}]}]},{"tag":"BezierCurveTo","args":[{"tag":"CParams","args":[{"c1":[6796,4180],"c2":[6604,4327],"end":[6530,4383]}]}]},{"tag":"BezierCurveTo","args":[{"tag":"CParams","args":[{"c1":[6456,4440],"c2":[6285,4571],"end":[6150,4675]}]}]},{"tag":"BezierCurveTo","args":[{"tag":"CParams","args":[{"c1":[6015,4778],"c2":[5900,4865],"end":[5893,4867]}]}]},{"tag":"BezierCurveTo","args":[{"tag":"CParams","args":[{"c1":[5886,4870],"c2":[5742,4751],"end":[5573,4603]}]}]},{"tag":"BezierCurveTo","args":[{"tag":"CParams","args":[{"c1":[4478,3646],"c2":[3829,3080],"end":[3789,3045]}]}]},{"tag":"BezierCurveTo","args":[{"tag":"CParams","args":[{"c1":[3763,3023],"c2":[3693,2962],"end":[3634,2910]}]}]},{"tag":"BezierCurveTo","args":[{"tag":"CParams","args":[{"c1":[3574,2858],"c2":[3311,2628],"end":[3050,2401]}]}]},{"tag":"BezierCurveTo","args":[{"tag":"CParams","args":[{"c1":[2282,1731],"c2":[2019,1501],"end":[1950,1440]}]}]},{"tag":"BezierCurveTo","args":[{"tag":"CParams","args":[{"c1":[1712,1230],"c2":[1680,1210],"end":[1607,1224]}]}]},{"tag":"BezierCurveTo","args":[{"tag":"CParams","args":[{"c1":[1588,1228],"c2":[1561,1239],"end":[1547,1250]}]}]},{"tag":"BezierCurveTo","args":[{"tag":"CParams","args":[{"c1":[1515,1275],"c2":[1177,1659],"end":[1144,1707]}]}]},{"tag":"BezierCurveTo","args":[{"tag":"CParams","args":[{"c1":[1116,1749],"c2":[1111,1824],"end":[1135,1870]}]}]},{"tag":"BezierCurveTo","args":[{"tag":"CParams","args":[{"c1":[1143,1886],"c2":[1200,1943],"end":[1262,1997]}]}]},{"tag":"BezierCurveTo","args":[{"tag":"CParams","args":[{"c1":[1324,2051],"c2":[1481,2188],"end":[1610,2301]}]}]},{"tag":"BezierCurveTo","args":[{"tag":"CParams","args":[{"c1":[2400,2989],"c2":[2653,3211],"end":[2719,3269]}]}]},{"tag":"BezierCurveTo","args":[{"tag":"CParams","args":[{"c1":[2760,3305],"c2":[2850,3384],"end":[2919,3444]}]}]},{"tag":"BezierCurveTo","args":[{"tag":"CParams","args":[{"c1":[3055,3562],"c2":[3245,3728],"end":[3980,4370]}]}]},{"tag":"BezierCurveTo","args":[{"tag":"CParams","args":[{"c1":[4241,4598],"c2":[4579,4892],"end":[4730,5024]}]}]},{"tag":"BezierCurveTo","args":[{"tag":"CParams","args":[{"c1":[4881,5156],"c2":[5041,5295],"end":[5085,5334]}]}]},{"tag":"BezierCurveTo","args":[{"tag":"CParams","args":[{"c1":[5129,5372],"c2":[5169,5407],"end":[5173,5410]}]}]},{"tag":"BezierCurveTo","args":[{"tag":"CParams","args":[{"c1":[5178,5414],"c2":[4971,5578],"end":[4713,5775]}]}]},{"tag":"BezierCurveTo","args":[{"tag":"CParams","args":[{"c1":[4456,5972],"c2":[4209,6161],"end":[4165,6195]}]}]},{"tag":"BezierCurveTo","args":[{"tag":"CParams","args":[{"c1":[4068,6269],"c2":[3567,6653],"end":[3075,7029]}]}]},{"tag":"BezierCurveTo","args":[{"tag":"CParams","args":[{"c1":[2661,7345],"c2":[2291,7629],"end":[1964,7880]}]}]},{"tag":"BezierCurveTo","args":[{"tag":"CParams","args":[{"c1":[1838,7976],"c2":[1670,8105],"end":[1590,8166]}]}]},{"tag":"BezierCurveTo","args":[{"tag":"CParams","args":[{"c1":[1155,8498],"c2":[992,8624],"end":[964,8650]}]}]},{"tag":"BezierCurveTo","args":[{"tag":"CParams","args":[{"c1":[922,8689],"c2":[905,8755],"end":[923,8807]}]}]},{"tag":"BezierCurveTo","args":[{"tag":"CParams","args":[{"c1":[934,8840],"c2":[1154,9139],"end":[1272,9281]}]}]},{"tag":"BezierCurveTo","args":[{"tag":"CParams","args":[{"c1":[1347,9372],"c2":[1425,9382],"end":[1524,9313]}]}]}]}]]}]}},"children":[]}]},{"tag":"Text","args":["\n"]}]}]},{"tag":"Text","args":["\n"]}]}]},"palettes":{"index":0,"table":[[{"background":{"tag":"AutomaticColor","args":[]},"foreground":{"tag":"AutomaticColor","args":[]}},[]]]}},{"extras":{"name":"step4","codePoint":61444},"node":{"tag":"Element","args":[{"tagName":"svg","attributes":{"height":{"tag":"Value","args":[{"tag":"Length","args":[{"tag":"Px","args":[1080]}]}]},"preserveAspectRatio":{"tag":"StringValue","args":["xMidYMid meet"]},"version":{"tag":"StringValue","args":["1.0"]},"viewBox":{"tag":"Value","args":[{"tag":"ViewBox","args":[{"minX":0,"minY":0,"width":1080,"height":1080}]}]},"width":{"tag":"Value","args":[{"tag":"Length","args":[{"tag":"Px","args":[1080]}]}]},"xmlns":{"tag":"StringValue","args":["http://www.w3.org/2000/svg"]}},"children":[{"tag":"Text","args":["\n"]},{"tag":"Element","args":[{"tagName":"metadata","attributes":{},"children":[{"tag":"Text","args":["\nCreated by potrace 1.16, written by Peter Selinger 2001-2019\n"]}]}]},{"tag":"Text","args":["\n"]},{"tag":"Element","args":[{"tagName":"g","attributes":{"fill":{"tag":"Value","args":[{"tag":"Paint","args":[{"tag":"CurrentColor","args":[]}]}]},"transform":{"tag":"Value","args":[{"tag":"Transform","args":[{"a":0.1,"b":0,"c":0,"d":-0.1,"e":0,"f":1080}]}]}},"children":[{"tag":"Text","args":["\n"]},{"tag":"Element","args":[{"tagName":"path","attributes":{"d":{"tag":"Value","args":[{"tag":"Paths","args":[[{"start":[0,5400],"endings":{"tag":"Connected","args":[]},"cmds":[{"tag":"LineTo","args":[{"point":[0,0]}]},{"tag":"LineTo","args":[{"point":[5400,0]}]},{"tag":"LineTo","args":[{"point":[10800,0]}]},{"tag":"LineTo","args":[{"point":[10800,5400]}]},{"tag":"LineTo","args":[{"point":[10800,10800]}]},{"tag":"LineTo","args":[{"point":[5400,10800]}]},{"tag":"LineTo","args":[{"point":[0,10800]}]},{"tag":"LineTo","args":[{"point":[0,5400]}]}]},{"start":[1210,9118],"endings":{"tag":"Connected","args":[]},"cmds":[{"tag":"BezierCurveTo","args":[{"tag":"CParams","args":[{"c1":[1251,9093],"c2":[1569,8901],"end":[1915,8690]}]}]},{"tag":"BezierCurveTo","args":[{"tag":"CParams","args":[{"c1":[2262,8479],"c2":[2624,8258],"end":[2720,8200]}]}]},{"tag":"BezierCurveTo","args":[{"tag":"CParams","args":[{"c1":[3024,8015],"c2":[4298,7241],"end":[4465,7140]}]}]},{"tag":"BezierCurveTo","args":[{"tag":"CParams","args":[{"c1":[4553,7087],"c2":[4708,6992],"end":[4810,6930]}]}]},{"tag":"BezierCurveTo","args":[{"tag":"CParams","args":[{"c1":[5085,6762],"c2":[5489,6517],"end":[5625,6435]}]}]},{"tag":"BezierCurveTo","args":[{"tag":"CParams","args":[{"c1":[5782,6341],"c2":[6044,6182],"end":[6209,6081]}]}]},{"tag":"BezierCurveTo","args":[{"tag":"CParams","args":[{"c1":[6281,6036],"c2":[6344,6000],"end":[6349,6000]}]}]},{"tag":"BezierCurveTo","args":[{"tag":"CParams","args":[{"c1":[6358,6000],"c2":[6814,6322],"end":[7880,7080]}]}]},{"tag":"BezierCurveTo","args":[{"tag":"CParams","args":[{"c1":[8130,7258],"c2":[8387,7440],"end":[8450,7485]}]}]},{"tag":"BezierCurveTo","args":[{"tag":"CParams","args":[{"c1":[8513,7530],"c2":[8760,7705],"end":[8998,7874]}]}]},{"tag":"BezierCurveTo","args":[{"tag":"CParams","args":[{"c1":[9237,8043],"c2":[9445,8186],"end":[9462,8192]}]}]},{"tag":"BezierCurveTo","args":[{"tag":"CParams","args":[{"c1":[9501,8206],"c2":[9562,8197],"end":[9598,8172]}]}]},{"tag":"BezierCurveTo","args":[{"tag":"CParams","args":[{"c1":[9621,8155],"c2":[9799,7914],"end":[9958,7684]}]}]},{"tag":"BezierCurveTo","args":[{"tag":"CParams","args":[{"c1":[9991,7636],"c2":[9996,7581],"end":[9972,7528]}]}]},{"tag":"BezierCurveTo","args":[{"tag":"CParams","args":[{"c1":[9950,7478],"c2":[10014,7526],"end":[9265,6994]}]}]},{"tag":"BezierCurveTo","args":[{"tag":"CParams","args":[{"c1":[9073,6858],"c2":[8706,6597],"end":[8450,6415]}]}]},{"tag":"BezierCurveTo","args":[{"tag":"CParams","args":[{"c1":[8194,6233],"c2":[7802,5955],"end":[7578,5796]}]}]},{"tag":"BezierCurveTo","args":[{"tag":"CParams","args":[{"c1":[7353,5637],"c2":[7170,5504],"end":[7170,5501]}]}]},{"tag":"BezierCurveTo","args":[{"tag":"CParams","args":[{"c1":[7170,5498],"c2":[7617,5224],"end":[8163,4893]}]}]},{"tag":"BezierCurveTo","args":[{"tag":"CParams","args":[{"c1":[8708,4562],"c2":[9211,4256],"end":[9280,4214]}]}]},{"tag":"BezierCurveTo","args":[{"tag":"CParams","args":[{"c1":[9349,4172],"c2":[9552,4048],"end":[9733,3939]}]}]},{"tag":"BezierCurveTo","args":[{"tag":"CParams","args":[{"c1":[9913,3830],"c2":[10078,3728],"end":[10101,3713]}]}]},{"tag":"BezierCurveTo","args":[{"tag":"CParams","args":[{"c1":[10147,3683],"c2":[10180,3626],"end":[10180,3578]}]}]},{"tag":"BezierCurveTo","args":[{"tag":"CParams","args":[{"c1":[10180,3537],"c2":[10170,3518],"end":[9997,3234]}]}]},{"tag":"BezierCurveTo","args":[{"tag":"CParams","args":[{"c1":[9839,2974],"c2":[9817,2950],"end":[9729,2950]}]}]},{"tag":"BezierCurveTo","args":[{"tag":"CParams","args":[{"c1":[9678,2950],"c2":[9651,2966],"end":[8660,3570]}]}]},{"tag":"BezierCurveTo","args":[{"tag":"CParams","args":[{"c1":[8432,3709],"c2":[7827,4076],"end":[7317,4386]}]}]},{"tag":"LineTo","args":[{"point":[6389,4950]}]},{"tag":"LineTo","args":[{"point":[6082,4732]}]},{"tag":"BezierCurveTo","args":[{"tag":"CParams","args":[{"c1":[4743,3781],"c2":[3888,3173],"end":[3625,2987]}]}]},{"tag":"BezierCurveTo","args":[{"tag":"CParams","args":[{"c1":[3331,2778],"c2":[2677,2313],"end":[2195,1970]}]}]},{"tag":"BezierCurveTo","args":[{"tag":"CParams","args":[{"c1":[2074,1884],"c2":[1914,1770],"end":[1840,1718]}]}]},{"tag":"BezierCurveTo","args":[{"tag":"CParams","args":[{"c1":[1766,1666],"c2":[1635,1573],"end":[1550,1512]}]}]},{"tag":"BezierCurveTo","args":[{"tag":"CParams","args":[{"c1":[1465,1450],"c2":[1381,1393],"end":[1363,1385]}]}]},{"tag":"BezierCurveTo","args":[{"tag":"CParams","args":[{"c1":[1300,1355],"c2":[1221,1370],"end":[1173,1422]}]}]},{"tag":"BezierCurveTo","args":[{"tag":"CParams","args":[{"c1":[1122,1476],"c2":[829,1898],"end":[819,1932]}]}]},{"tag":"BezierCurveTo","args":[{"tag":"CParams","args":[{"c1":[802,1985],"c2":[815,2036],"end":[858,2081]}]}]},{"tag":"BezierCurveTo","args":[{"tag":"CParams","args":[{"c1":[878,2102],"c2":[1068,2241],"end":[1280,2391]}]}]},{"tag":"BezierCurveTo","args":[{"tag":"CParams","args":[{"c1":[1667,2665],"c2":[2039,2928],"end":[2575,3310]}]}]},{"tag":"BezierCurveTo","args":[{"tag":"CParams","args":[{"c1":[2735,3424],"c2":[3045,3644],"end":[3265,3800]}]}]},{"tag":"BezierCurveTo","args":[{"tag":"CParams","args":[{"c1":[3485,3956],"c2":[3710,4116],"end":[3765,4155]}]}]},{"tag":"BezierCurveTo","args":[{"tag":"CParams","args":[{"c1":[3895,4248],"c2":[5090,5098],"end":[5432,5340]}]}]},{"tag":"BezierCurveTo","args":[{"tag":"CParams","args":[{"c1":[5513,5397],"c2":[5578,5445],"end":[5577,5445]}]}]},{"tag":"BezierCurveTo","args":[{"tag":"CParams","args":[{"c1":[5576,5446],"c2":[5460,5516],"end":[5320,5600]}]}]},{"tag":"BezierCurveTo","args":[{"tag":"CParams","args":[{"c1":[5180,5685],"c2":[4777,5929],"end":[4425,6143]}]}]},{"tag":"BezierCurveTo","args":[{"tag":"CParams","args":[{"c1":[4073,6358],"c2":[3439,6743],"end":[3015,7000]}]}]},{"tag":"BezierCurveTo","args":[{"tag":"CParams","args":[{"c1":[2592,7257],"c2":[2058,7581],"end":[1830,7720]}]}]},{"tag":"BezierCurveTo","args":[{"tag":"CParams","args":[{"c1":[1602,7859],"c2":[1255,8070],"end":[1060,8188]}]}]},{"tag":"BezierCurveTo","args":[{"tag":"CParams","args":[{"c1":[865,8306],"c2":[690,8417],"end":[672,8434]}]}]},{"tag":"BezierCurveTo","args":[{"tag":"CParams","args":[{"c1":[634,8470],"c2":[615,8524],"end":[624,8572]}]}]},{"tag":"BezierCurveTo","args":[{"tag":"CParams","args":[{"c1":[627,8591],"c2":[671,8673],"end":[721,8756]}]}]},{"tag":"BezierCurveTo","args":[{"tag":"CParams","args":[{"c1":[967,9161],"c2":[966,9159],"end":[1050,9170]}]}]},{"tag":"BezierCurveTo","args":[{"tag":"CParams","args":[{"c1":[1105,9177],"c2":[1115,9174],"end":[1210,9118]}]}]}]}]]}]}},"children":[]}]},{"tag":"Text","args":["\n"]}]}]},{"tag":"Text","args":["\n"]}]}]},"palettes":{"index":0,"table":[[{"background":{"tag":"AutomaticColor","args":[]},"foreground":{"tag":"AutomaticColor","args":[]}},[]]]}},{"extras":{"name":"step3","codePoint":61445},"node":{"tag":"Element","args":[{"tagName":"svg","attributes":{"height":{"tag":"Value","args":[{"tag":"Length","args":[{"tag":"Px","args":[1080]}]}]},"preserveAspectRatio":{"tag":"StringValue","args":["xMidYMid meet"]},"version":{"tag":"StringValue","args":["1.0"]},"viewBox":{"tag":"Value","args":[{"tag":"ViewBox","args":[{"minX":0,"minY":0,"width":1080,"height":1080}]}]},"width":{"tag":"Value","args":[{"tag":"Length","args":[{"tag":"Px","args":[1080]}]}]},"xmlns":{"tag":"StringValue","args":["http://www.w3.org/2000/svg"]}},"children":[{"tag":"Text","args":["\n"]},{"tag":"Element","args":[{"tagName":"metadata","attributes":{},"children":[{"tag":"Text","args":["\nCreated by potrace 1.16, written by Peter Selinger 2001-2019\n"]}]}]},{"tag":"Text","args":["\n"]},{"tag":"Element","args":[{"tagName":"g","attributes":{"fill":{"tag":"Value","args":[{"tag":"Paint","args":[{"tag":"CurrentColor","args":[]}]}]},"transform":{"tag":"Value","args":[{"tag":"Transform","args":[{"a":0.1,"b":0,"c":0,"d":-0.1,"e":0,"f":1080}]}]}},"children":[{"tag":"Text","args":["\n"]},{"tag":"Element","args":[{"tagName":"path","attributes":{"d":{"tag":"Value","args":[{"tag":"Paths","args":[[{"start":[0,5400],"endings":{"tag":"Connected","args":[]},"cmds":[{"tag":"LineTo","args":[{"point":[0,0]}]},{"tag":"LineTo","args":[{"point":[5400,0]}]},{"tag":"LineTo","args":[{"point":[10800,0]}]},{"tag":"LineTo","args":[{"point":[10800,5400]}]},{"tag":"LineTo","args":[{"point":[10800,10800]}]},{"tag":"LineTo","args":[{"point":[5400,10800]}]},{"tag":"LineTo","args":[{"point":[0,10800]}]},{"tag":"LineTo","args":[{"point":[0,5400]}]}]},{"start":[739,8728],"endings":{"tag":"Connected","args":[]},"cmds":[{"tag":"BezierCurveTo","args":[{"tag":"CParams","args":[{"c1":[858,8681],"c2":[1527,8425],"end":[1710,8355]}]}]},{"tag":"BezierCurveTo","args":[{"tag":"CParams","args":[{"c1":[1801,8320],"c2":[2012,8239],"end":[2180,8175]}]}]},{"tag":"BezierCurveTo","args":[{"tag":"CParams","args":[{"c1":[2348,8111],"c2":[2728,7966],"end":[3025,7853]}]}]},{"tag":"BezierCurveTo","args":[{"tag":"CParams","args":[{"c1":[3322,7740],"c2":[3588,7639],"end":[3615,7628]}]}]},{"tag":"BezierCurveTo","args":[{"tag":"CParams","args":[{"c1":[3643,7617],"c2":[3676,7605],"end":[3690,7600]}]}]},{"tag":"BezierCurveTo","args":[{"tag":"CParams","args":[{"c1":[3704,7596],"c2":[3756,7576],"end":[3805,7557]}]}]},{"tag":"BezierCurveTo","args":[{"tag":"CParams","args":[{"c1":[4024,7472],"c2":[5745,6813],"end":[6125,6668]}]}]},{"tag":"BezierCurveTo","args":[{"tag":"CParams","args":[{"c1":[6356,6581],"c2":[6579,6496],"end":[6620,6480]}]}]},{"tag":"BezierCurveTo","args":[{"tag":"CParams","args":[{"c1":[6661,6464],"c2":[6925,6363],"end":[7205,6256]}]}]},{"tag":"BezierCurveTo","args":[{"tag":"CParams","args":[{"c1":[7486,6149],"c2":[7751,6048],"end":[7795,6031]}]}]},{"tag":"BezierCurveTo","args":[{"tag":"CParams","args":[{"c1":[7839,6014],"c2":[7881,6000],"end":[7890,6000]}]}]},{"tag":"BezierCurveTo","args":[{"tag":"CParams","args":[{"c1":[7898,6000],"c2":[8074,6077],"end":[8280,6171]}]}]},{"tag":"BezierCurveTo","args":[{"tag":"CParams","args":[{"c1":[8486,6265],"c2":[8675,6351],"end":[8700,6362]}]}]},{"tag":"BezierCurveTo","args":[{"tag":"CParams","args":[{"c1":[8725,6373],"c2":[8792,6404],"end":[8850,6430]}]}]},{"tag":"BezierCurveTo","args":[{"tag":"CParams","args":[{"c1":[8908,6456],"c2":[9194,6586],"end":[9486,6719]}]}]},{"tag":"BezierCurveTo","args":[{"tag":"CParams","args":[{"c1":[9821,6871],"c2":[10029,6960],"end":[10049,6960]}]}]},{"tag":"BezierCurveTo","args":[{"tag":"CParams","args":[{"c1":[10091,6960],"c2":[10140,6939],"end":[10168,6908]}]}]},{"tag":"BezierCurveTo","args":[{"tag":"CParams","args":[{"c1":[10206,6866],"c2":[10440,6341],"end":[10440,6297]}]}]},{"tag":"BezierCurveTo","args":[{"tag":"CParams","args":[{"c1":[10440,6253],"c2":[10422,6215],"end":[10387,6182]}]}]},{"tag":"BezierCurveTo","args":[{"tag":"CParams","args":[{"c1":[10365,6161],"c2":[10122,6047],"end":[9495,5763]}]}]},{"tag":"BezierCurveTo","args":[{"tag":"CParams","args":[{"c1":[9380,5711],"c2":[9258,5656],"end":[9225,5642]}]}]},{"tag":"BezierCurveTo","args":[{"tag":"CParams","args":[{"c1":[9192,5627],"c2":[9136,5602],"end":[9101,5584]}]}]},{"tag":"LineTo","args":[{"point":[9036,5553]}]},{"tag":"LineTo","args":[{"point":[9081,5538]}]},{"tag":"BezierCurveTo","args":[{"tag":"CParams","args":[{"c1":[9105,5529],"c2":[9274,5465],"end":[9455,5395]}]}]},{"tag":"BezierCurveTo","args":[{"tag":"CParams","args":[{"c1":[9637,5325],"c2":[9873,5235],"end":[9980,5195]}]}]},{"tag":"BezierCurveTo","args":[{"tag":"CParams","args":[{"c1":[10315,5069],"c2":[10437,5022],"end":[10469,5006]}]}]},{"tag":"BezierCurveTo","args":[{"tag":"CParams","args":[{"c1":[10507,4986],"c2":[10550,4914],"end":[10550,4869]}]}]},{"tag":"BezierCurveTo","args":[{"tag":"CParams","args":[{"c1":[10550,4839],"c2":[10372,4351],"end":[10334,4279]}]}]},{"tag":"BezierCurveTo","args":[{"tag":"CParams","args":[{"c1":[10326,4263],"c2":[10304,4239],"end":[10284,4224]}]}]},{"tag":"BezierCurveTo","args":[{"tag":"CParams","args":[{"c1":[10218,4173],"c2":[10173,4182],"end":[9890,4295]}]}]},{"tag":"BezierCurveTo","args":[{"tag":"CParams","args":[{"c1":[9871,4303],"c2":[9731,4356],"end":[9580,4414]}]}]},{"tag":"BezierCurveTo","args":[{"tag":"CParams","args":[{"c1":[9299,4520],"c2":[8878,4681],"end":[8275,4913]}]}]},{"tag":"BezierCurveTo","args":[{"tag":"CParams","args":[{"c1":[8088,4985],"c2":[7928,5043],"end":[7920,5042]}]}]},{"tag":"BezierCurveTo","args":[{"tag":"CParams","args":[{"c1":[7912,5042],"c2":[7736,4964],"end":[7530,4870]}]}]},{"tag":"BezierCurveTo","args":[{"tag":"CParams","args":[{"c1":[6846,4557],"c2":[6750,4513],"end":[6085,4212]}]}]},{"tag":"BezierCurveTo","args":[{"tag":"CParams","args":[{"c1":[5722,4047],"c2":[5090,3759],"end":[4680,3572]}]}]},{"tag":"BezierCurveTo","args":[{"tag":"CParams","args":[{"c1":[4270,3385],"c2":[3816,3178],"end":[3670,3112]}]}]},{"tag":"BezierCurveTo","args":[{"tag":"CParams","args":[{"c1":[2696,2670],"c2":[2476,2570],"end":[2060,2380]}]}]},{"tag":"BezierCurveTo","args":[{"tag":"CParams","args":[{"c1":[1804,2263],"c2":[1523,2135],"end":[1435,2095]}]}]},{"tag":"BezierCurveTo","args":[{"tag":"CParams","args":[{"c1":[1347,2055],"c2":[1166,1972],"end":[1032,1911]}]}]},{"tag":"BezierCurveTo","args":[{"tag":"CParams","args":[{"c1":[777,1795],"c2":[739,1784],"end":[682,1814]}]}]},{"tag":"BezierCurveTo","args":[{"tag":"CParams","args":[{"c1":[667,1822],"c2":[644,1839],"end":[632,1853]}]}]},{"tag":"BezierCurveTo","args":[{"tag":"CParams","args":[{"c1":[602,1885],"c2":[370,2393],"end":[363,2441]}]}]},{"tag":"BezierCurveTo","args":[{"tag":"CParams","args":[{"c1":[356,2489],"c2":[374,2540],"end":[408,2573]}]}]},{"tag":"BezierCurveTo","args":[{"tag":"CParams","args":[{"c1":[423,2587],"c2":[509,2632],"end":[600,2673]}]}]},{"tag":"BezierCurveTo","args":[{"tag":"CParams","args":[{"c1":[691,2714],"c2":[790,2759],"end":[820,2773]}]}]},{"tag":"BezierCurveTo","args":[{"tag":"CParams","args":[{"c1":[1609,3134],"c2":[3060,3795],"end":[3410,3952]}]}]},{"tag":"BezierCurveTo","args":[{"tag":"CParams","args":[{"c1":[3435,3963],"c2":[3766,4114],"end":[4145,4287]}]}]},{"tag":"BezierCurveTo","args":[{"tag":"CParams","args":[{"c1":[5127,4736],"c2":[5578,4941],"end":[5871,5073]}]}]},{"tag":"BezierCurveTo","args":[{"tag":"CParams","args":[{"c1":[6012,5137],"c2":[6160,5204],"end":[6201,5223]}]}]},{"tag":"BezierCurveTo","args":[{"tag":"CParams","args":[{"c1":[6242,5242],"c2":[6383,5306],"end":[6515,5365]}]}]},{"tag":"BezierCurveTo","args":[{"tag":"CParams","args":[{"c1":[6647,5425],"c2":[6759,5476],"end":[6763,5480]}]}]},{"tag":"BezierCurveTo","args":[{"tag":"CParams","args":[{"c1":[6768,5484],"c2":[6730,5504],"end":[6678,5523]}]}]},{"tag":"BezierCurveTo","args":[{"tag":"CParams","args":[{"c1":[6627,5543],"c2":[6185,5712],"end":[5695,5899]}]}]},{"tag":"BezierCurveTo","args":[{"tag":"CParams","args":[{"c1":[5206,6085],"c2":[4609,6313],"end":[4370,6405]}]}]},{"tag":"BezierCurveTo","args":[{"tag":"CParams","args":[{"c1":[3788,6628],"c2":[3294,6817],"end":[3075,6900]}]}]},{"tag":"BezierCurveTo","args":[{"tag":"CParams","args":[{"c1":[2976,6938],"c2":[2846,6987],"end":[2785,7010]}]}]},{"tag":"BezierCurveTo","args":[{"tag":"CParams","args":[{"c1":[2577,7089],"c2":[2385,7162],"end":[2155,7250]}]}]},{"tag":"BezierCurveTo","args":[{"tag":"CParams","args":[{"c1":[2029,7299],"c2":[1817,7380],"end":[1685,7430]}]}]},{"tag":"BezierCurveTo","args":[{"tag":"CParams","args":[{"c1":[624,7836],"c2":[322,7954],"end":[301,7973]}]}]},{"tag":"BezierCurveTo","args":[{"tag":"CParams","args":[{"c1":[272,8000],"c2":[250,8050],"end":[250,8089]}]}]},{"tag":"BezierCurveTo","args":[{"tag":"CParams","args":[{"c1":[250,8106],"c2":[277,8190],"end":[309,8277]}]}]},{"tag":"BezierCurveTo","args":[{"tag":"CParams","args":[{"c1":[473,8715],"c2":[479,8728],"end":[557,8755]}]}]},{"tag":"BezierCurveTo","args":[{"tag":"CParams","args":[{"c1":[603,8772],"c2":[639,8767],"end":[739,8728]}]}]}]}]]}]}},"children":[]}]},{"tag":"Text","args":["\n"]}]}]},{"tag":"Text","args":["\n"]}]}]},"palettes":{"index":0,"table":[[{"background":{"tag":"AutomaticColor","args":[]},"foreground":{"tag":"AutomaticColor","args":[]}},[]]]}},{"extras":{"name":"step2","codePoint":61446},"node":{"tag":"Element","args":[{"tagName":"svg","attributes":{"height":{"tag":"Value","args":[{"tag":"Length","args":[{"tag":"Px","args":[1080]}]}]},"preserveAspectRatio":{"tag":"StringValue","args":["xMidYMid meet"]},"version":{"tag":"StringValue","args":["1.0"]},"viewBox":{"tag":"Value","args":[{"tag":"ViewBox","args":[{"minX":0,"minY":0,"width":1080,"height":1080}]}]},"width":{"tag":"Value","args":[{"tag":"Length","args":[{"tag":"Px","args":[1080]}]}]},"xmlns":{"tag":"StringValue","args":["http://www.w3.org/2000/svg"]}},"children":[{"tag":"Text","args":["\n"]},{"tag":"Element","args":[{"tagName":"metadata","attributes":{},"children":[{"tag":"Text","args":["\nCreated by potrace 1.16, written by Peter Selinger 2001-2019\n"]}]}]},{"tag":"Text","args":["\n"]},{"tag":"Element","args":[{"tagName":"g","attributes":{"fill":{"tag":"Value","args":[{"tag":"Paint","args":[{"tag":"CurrentColor","args":[]}]}]},"transform":{"tag":"Value","args":[{"tag":"Transform","args":[{"a":0.1,"b":0,"c":0,"d":-0.1,"e":0,"f":1080}]}]}},"children":[{"tag":"Text","args":["\n"]},{"tag":"Element","args":[{"tagName":"path","attributes":{"d":{"tag":"Value","args":[{"tag":"Paths","args":[[{"start":[0,5400],"endings":{"tag":"Connected","args":[]},"cmds":[{"tag":"LineTo","args":[{"point":[0,0]}]},{"tag":"LineTo","args":[{"point":[5400,0]}]},{"tag":"LineTo","args":[{"point":[10800,0]}]},{"tag":"LineTo","args":[{"point":[10800,5400]}]},{"tag":"LineTo","args":[{"point":[10800,10800]}]},{"tag":"LineTo","args":[{"point":[5400,10800]}]},{"tag":"LineTo","args":[{"point":[0,10800]}]},{"tag":"LineTo","args":[{"point":[0,5400]}]}]},{"start":[427,8075],"endings":{"tag":"Connected","args":[]},"cmds":[{"tag":"BezierCurveTo","args":[{"tag":"CParams","args":[{"c1":[577,8055],"c2":[981,8001],"end":[1900,7880]}]}]},{"tag":"BezierCurveTo","args":[{"tag":"CParams","args":[{"c1":[1985,7868],"c2":[2120,7850],"end":[2200,7839]}]}]},{"tag":"BezierCurveTo","args":[{"tag":"CParams","args":[{"c1":[2280,7829],"c2":[2698,7773],"end":[3130,7715]}]}]},{"tag":"BezierCurveTo","args":[{"tag":"CParams","args":[{"c1":[3562,7658],"c2":[4185,7574],"end":[4515,7530]}]}]},{"tag":"BezierCurveTo","args":[{"tag":"CParams","args":[{"c1":[4845,7485],"c2":[5183,7440],"end":[5265,7429]}]}]},{"tag":"BezierCurveTo","args":[{"tag":"CParams","args":[{"c1":[5348,7418],"c2":[5966,7335],"end":[6640,7244]}]}]},{"tag":"BezierCurveTo","args":[{"tag":"CParams","args":[{"c1":[7314,7154],"c2":[8047,7055],"end":[8270,7025]}]}]},{"tag":"BezierCurveTo","args":[{"tag":"CParams","args":[{"c1":[8655,6973],"c2":[8870,6945],"end":[9990,6794]}]}]},{"tag":"BezierCurveTo","args":[{"tag":"CParams","args":[{"c1":[10688,6701],"c2":[10681,6702],"end":[10709,6683]}]}]},{"tag":"BezierCurveTo","args":[{"tag":"CParams","args":[{"c1":[10762,6648],"c2":[10797,6575],"end":[10786,6522]}]}]},{"tag":"BezierCurveTo","args":[{"tag":"CParams","args":[{"c1":[10783,6507],"c2":[10764,6376],"end":[10745,6230]}]}]},{"tag":"BezierCurveTo","args":[{"tag":"CParams","args":[{"c1":[10725,6084],"c2":[10705,5953],"end":[10699,5937]}]}]},{"tag":"BezierCurveTo","args":[{"tag":"CParams","args":[{"c1":[10683,5898],"c2":[10627,5852],"end":[10585,5844]}]}]},{"tag":"BezierCurveTo","args":[{"tag":"CParams","args":[{"c1":[10565,5841],"c2":[10468,5849],"end":[10353,5865]}]}]},{"tag":"BezierCurveTo","args":[{"tag":"CParams","args":[{"c1":[10244,5880],"c2":[10072,5903],"end":[9970,5916]}]}]},{"tag":"BezierCurveTo","args":[{"tag":"CParams","args":[{"c1":[9868,5930],"c2":[9720,5949],"end":[9640,5960]}]}]},{"tag":"BezierCurveTo","args":[{"tag":"CParams","args":[{"c1":[9402,5992],"c2":[8113,6165],"end":[7520,6245]}]}]},{"tag":"BezierCurveTo","args":[{"tag":"CParams","args":[{"c1":[7380,6264],"c2":[7065,6306],"end":[6820,6339]}]}]},{"tag":"BezierCurveTo","args":[{"tag":"CParams","args":[{"c1":[6332,6405],"c2":[5453,6523],"end":[4875,6601]}]}]},{"tag":"BezierCurveTo","args":[{"tag":"CParams","args":[{"c1":[4672,6628],"c2":[4255,6684],"end":[3950,6725]}]}]},{"tag":"BezierCurveTo","args":[{"tag":"CParams","args":[{"c1":[3645,6766],"c2":[3312,6810],"end":[3210,6824]}]}]},{"tag":"BezierCurveTo","args":[{"tag":"CParams","args":[{"c1":[3108,6838],"c2":[2955,6858],"end":[2870,6869]}]}]},{"tag":"BezierCurveTo","args":[{"tag":"CParams","args":[{"c1":[2785,6880],"c2":[2596,6905],"end":[2450,6925]}]}]},{"tag":"BezierCurveTo","args":[{"tag":"CParams","args":[{"c1":[2304,6944],"c2":[2115,6969],"end":[2030,6980]}]}]},{"tag":"BezierCurveTo","args":[{"tag":"CParams","args":[{"c1":[1835,7006],"c2":[1764,7016],"end":[1620,7035]}]}]},{"tag":"BezierCurveTo","args":[{"tag":"CParams","args":[{"c1":[1557,7044],"c2":[1456,7057],"end":[1395,7065]}]}]},{"tag":"BezierCurveTo","args":[{"tag":"CParams","args":[{"c1":[989,7116],"c2":[150,7232],"end":[124,7240]}]}]},{"tag":"BezierCurveTo","args":[{"tag":"CParams","args":[{"c1":[107,7246],"c2":[80,7264],"end":[63,7280]}]}]},{"tag":"BezierCurveTo","args":[{"tag":"CParams","args":[{"c1":[10,7331],"c2":[9,7359],"end":[45,7631]}]}]},{"tag":"BezierCurveTo","args":[{"tag":"CParams","args":[{"c1":[63,7765],"c2":[80,7901],"end":[84,7932]}]}]},{"tag":"BezierCurveTo","args":[{"tag":"CParams","args":[{"c1":[88,7964],"c2":[101,8004],"end":[113,8022]}]}]},{"tag":"BezierCurveTo","args":[{"tag":"CParams","args":[{"c1":[134,8053],"c2":[208,8100],"end":[236,8100]}]}]},{"tag":"BezierCurveTo","args":[{"tag":"CParams","args":[{"c1":[243,8100],"c2":[329,8089],"end":[427,8075]}]}]}]},{"start":[10561,5148],"endings":{"tag":"Connected","args":[]},"cmds":[{"tag":"BezierCurveTo","args":[{"tag":"CParams","args":[{"c1":[10613,5131],"c2":[10651,5100],"end":[10667,5063]}]}]},{"tag":"BezierCurveTo","args":[{"tag":"CParams","args":[{"c1":[10682,5026],"c2":[10770,4493],"end":[10770,4437]}]}]},{"tag":"BezierCurveTo","args":[{"tag":"CParams","args":[{"c1":[10770,4399],"c2":[10739,4347],"end":[10699,4318]}]}]},{"tag":"BezierCurveTo","args":[{"tag":"CParams","args":[{"c1":[10674,4299],"c2":[10538,4272],"end":[10175,4215]}]}]},{"tag":"BezierCurveTo","args":[{"tag":"CParams","args":[{"c1":[10082,4201],"c2":[9843,4162],"end":[9645,4130]}]}]},{"tag":"BezierCurveTo","args":[{"tag":"CParams","args":[{"c1":[9447,4097],"c2":[8981,4021],"end":[8610,3960]}]}]},{"tag":"BezierCurveTo","args":[{"tag":"CParams","args":[{"c1":[8239,3900],"c2":[7703,3812],"end":[7420,3765]}]}]},{"tag":"BezierCurveTo","args":[{"tag":"CParams","args":[{"c1":[7137,3719],"c2":[6766,3658],"end":[6595,3630]}]}]},{"tag":"BezierCurveTo","args":[{"tag":"CParams","args":[{"c1":[5942,3523],"c2":[5480,3447],"end":[5070,3380]}]}]},{"tag":"BezierCurveTo","args":[{"tag":"CParams","args":[{"c1":[4232,3242],"c2":[2820,3012],"end":[2400,2944]}]}]},{"tag":"BezierCurveTo","args":[{"tag":"CParams","args":[{"c1":[2282,2925],"c2":[2118,2898],"end":[2035,2885]}]}]},{"tag":"BezierCurveTo","args":[{"tag":"CParams","args":[{"c1":[1953,2872],"c2":[1788,2845],"end":[1670,2826]}]}]},{"tag":"BezierCurveTo","args":[{"tag":"CParams","args":[{"c1":[1256,2758],"c2":[952,2709],"end":[616,2654]}]}]},{"tag":"BezierCurveTo","args":[{"tag":"CParams","args":[{"c1":[400,2618],"c2":[265,2601],"end":[243,2605]}]}]},{"tag":"BezierCurveTo","args":[{"tag":"CParams","args":[{"c1":[203,2612],"c2":[147,2659],"end":[131,2697]}]}]},{"tag":"BezierCurveTo","args":[{"tag":"CParams","args":[{"c1":[119,2729],"c2":[30,3266],"end":[30,3311]}]}]},{"tag":"BezierCurveTo","args":[{"tag":"CParams","args":[{"c1":[30,3355],"c2":[64,3415],"end":[103,3439]}]}]},{"tag":"BezierCurveTo","args":[{"tag":"CParams","args":[{"c1":[129,3455],"c2":[257,3479],"end":[686,3550]}]}]},{"tag":"BezierCurveTo","args":[{"tag":"CParams","args":[{"c1":[1355,3660],"c2":[1792,3731],"end":[2005,3765]}]}]},{"tag":"BezierCurveTo","args":[{"tag":"CParams","args":[{"c1":[2093,3779],"c2":[2176,3793],"end":[2190,3795]}]}]},{"tag":"BezierCurveTo","args":[{"tag":"CParams","args":[{"c1":[2204,3797],"c2":[2247,3804],"end":[2285,3810]}]}]},{"tag":"BezierCurveTo","args":[{"tag":"CParams","args":[{"c1":[2386,3826],"c2":[2722,3880],"end":[3210,3960]}]}]},{"tag":"BezierCurveTo","args":[{"tag":"CParams","args":[{"c1":[3444,3999],"c2":[4063,4100],"end":[4585,4186]}]}]},{"tag":"BezierCurveTo","args":[{"tag":"CParams","args":[{"c1":[5108,4271],"c2":[5740,4375],"end":[5990,4416]}]}]},{"tag":"BezierCurveTo","args":[{"tag":"CParams","args":[{"c1":[6240,4457],"c2":[6706,4533],"end":[7025,4585]}]}]},{"tag":"BezierCurveTo","args":[{"tag":"CParams","args":[{"c1":[7344,4637],"c2":[7781,4709],"end":[7995,4744]}]}]},{"tag":"BezierCurveTo","args":[{"tag":"CParams","args":[{"c1":[8592,4843],"c2":[8884,4890],"end":[9655,5015]}]}]},{"tag":"BezierCurveTo","args":[{"tag":"CParams","args":[{"c1":[10331,5125],"c2":[10524,5157],"end":[10526,5159]}]}]},{"tag":"BezierCurveTo","args":[{"tag":"CParams","args":[{"c1":[10527,5160],"c2":[10542,5155],"end":[10561,5148]}]}]}]}]]}]}},"children":[]}]},{"tag":"Text","args":["\n"]}]}]},{"tag":"Text","args":["\n"]}]}]},"palettes":{"index":0,"table":[[{"background":{"tag":"AutomaticColor","args":[]},"foreground":{"tag":"AutomaticColor","args":[]}},[]]]}},{"extras":{"name":"step1","codePoint":61447},"node":{"tag":"Element","args":[{"tagName":"svg","attributes":{"height":{"tag":"Value","args":[{"tag":"Length","args":[{"tag":"Px","args":[1080]}]}]},"preserveAspectRatio":{"tag":"StringValue","args":["xMidYMid meet"]},"version":{"tag":"StringValue","args":["1.0"]},"viewBox":{"tag":"Value","args":[{"tag":"ViewBox","args":[{"minX":0,"minY":0,"width":1080,"height":1080}]}]},"width":{"tag":"Value","args":[{"tag":"Length","args":[{"tag":"Px","args":[1080]}]}]},"xmlns":{"tag":"StringValue","args":["http://www.w3.org/2000/svg"]}},"children":[{"tag":"Text","args":["\n"]},{"tag":"Element","args":[{"tagName":"metadata","attributes":{},"children":[{"tag":"Text","args":["\nCreated by potrace 1.16, written by Peter Selinger 2001-2019\n"]}]}]},{"tag":"Text","args":["\n"]},{"tag":"Element","args":[{"tagName":"g","attributes":{"fill":{"tag":"Value","args":[{"tag":"Paint","args":[{"tag":"CurrentColor","args":[]}]}]},"transform":{"tag":"Value","args":[{"tag":"Transform","args":[{"a":0.1,"b":0,"c":0,"d":-0.1,"e":0,"f":1080}]}]}},"children":[{"tag":"Text","args":["\n"]},{"tag":"Element","args":[{"tagName":"path","attributes":{"d":{"tag":"Value","args":[{"tag":"Paths","args":[[{"start":[1,9143],"endings":{"tag":"Connected","args":[]},"cmds":[{"tag":"BezierCurveTo","args":[{"tag":"CParams","args":[{"c1":[2,8231],"c2":[5,7499],"end":[10,7516]}]}]},{"tag":"BezierCurveTo","args":[{"tag":"CParams","args":[{"c1":[20,7562],"c2":[54,7605],"end":[94,7624]}]}]},{"tag":"BezierCurveTo","args":[{"tag":"CParams","args":[{"c1":[125,7639],"c2":[557,7640],"end":[5400,7640]}]}]},{"tag":"BezierCurveTo","args":[{"tag":"CParams","args":[{"c1":[10243,7640],"c2":[10675,7639],"end":[10706,7624]}]}]},{"tag":"BezierCurveTo","args":[{"tag":"CParams","args":[{"c1":[10746,7605],"c2":[10780,7562],"end":[10790,7516]}]}]},{"tag":"BezierCurveTo","args":[{"tag":"CParams","args":[{"c1":[10795,7499],"c2":[10798,8231],"end":[10799,9143]}]}]},{"tag":"LineTo","args":[{"point":[10800,10800]}]},{"tag":"LineTo","args":[{"point":[5400,10800]}]},{"tag":"LineTo","args":[{"point":[0,10800]}]},{"tag":"LineTo","args":[{"point":[1,9143]}]}]}]]}]}},"children":[]}]},{"tag":"Text","args":["\n"]},{"tag":"Element","args":[{"tagName":"path","attributes":{"d":{"tag":"Value","args":[{"tag":"Paths","args":[[{"start":[2,5400],"endings":{"tag":"Connected","args":[]},"cmds":[{"tag":"BezierCurveTo","args":[{"tag":"CParams","args":[{"c1":[2,4561],"c2":[5,3889],"end":[9,3905]}]}]},{"tag":"BezierCurveTo","args":[{"tag":"CParams","args":[{"c1":[20,3951],"c2":[46,3984],"end":[89,4008]}]}]},{"tag":"LineTo","args":[{"point":[128,4030]}]},{"tag":"LineTo","args":[{"point":[5400,4030]}]},{"tag":"LineTo","args":[{"point":[10672,4030]}]},{"tag":"LineTo","args":[{"point":[10711,4008]}]},{"tag":"BezierCurveTo","args":[{"tag":"CParams","args":[{"c1":[10754,3984],"c2":[10780,3951],"end":[10791,3905]}]}]},{"tag":"BezierCurveTo","args":[{"tag":"CParams","args":[{"c1":[10795,3889],"c2":[10798,4561],"end":[10798,5400]}]}]},{"tag":"BezierCurveTo","args":[{"tag":"CParams","args":[{"c1":[10798,6239],"c2":[10795,6911],"end":[10791,6895]}]}]},{"tag":"BezierCurveTo","args":[{"tag":"CParams","args":[{"c1":[10780,6849],"c2":[10754,6816],"end":[10711,6792]}]}]},{"tag":"LineTo","args":[{"point":[10672,6770]}]},{"tag":"LineTo","args":[{"point":[5404,6770]}]},{"tag":"LineTo","args":[{"point":[136,6770]}]},{"tag":"LineTo","args":[{"point":[94,6790]}]},{"tag":"BezierCurveTo","args":[{"tag":"CParams","args":[{"c1":[48,6813],"c2":[21,6847],"end":[9,6895]}]}]},{"tag":"BezierCurveTo","args":[{"tag":"CParams","args":[{"c1":[5,6911],"c2":[2,6239],"end":[2,5400]}]}]}]}]]}]}},"children":[]}]},{"tag":"Text","args":["\n"]},{"tag":"Element","args":[{"tagName":"path","attributes":{"d":{"tag":"Value","args":[{"tag":"Paths","args":[[{"start":[1,1663],"endings":{"tag":"Connected","args":[]},"cmds":[{"tag":"LineTo","args":[{"point":[0,0]}]},{"tag":"LineTo","args":[{"point":[5400,0]}]},{"tag":"LineTo","args":[{"point":[10800,0]}]},{"tag":"LineTo","args":[{"point":[10799,1658]}]},{"tag":"BezierCurveTo","args":[{"tag":"CParams","args":[{"c1":[10798,2569],"c2":[10795,3301],"end":[10791,3285]}]}]},{"tag":"BezierCurveTo","args":[{"tag":"CParams","args":[{"c1":[10779,3238],"c2":[10751,3201],"end":[10709,3179]}]}]},{"tag":"BezierCurveTo","args":[{"tag":"CParams","args":[{"c1":[10671,3160],"c2":[10599,3160],"end":[5395,3160]}]}]},{"tag":"BezierCurveTo","args":[{"tag":"CParams","args":[{"c1":[749,3160],"c2":[116,3162],"end":[90,3175]}]}]},{"tag":"BezierCurveTo","args":[{"tag":"CParams","args":[{"c1":[53,3194],"c2":[18,3244],"end":[9,3289]}]}]},{"tag":"BezierCurveTo","args":[{"tag":"CParams","args":[{"c1":[5,3309],"c2":[2,2577],"end":[1,1663]}]}]}]}]]}]}},"children":[]}]},{"tag":"Text","args":["\n"]}]}]},{"tag":"Text","args":["\n"]}]}]},"palettes":{"index":0,"table":[[{"background":{"tag":"AutomaticColor","args":[]},"foreground":{"tag":"AutomaticColor","args":[]}},[]]]}}]}